Latitude,Longitude,FSA
43.76720142,-79.30281137,M1R
43.77944751,-79.36360883,M2J
43.74548933,-79.61426959,M9W
43.75804177,-79.48962312,M3J
43.68839901,-79.41388214,M5P
43.71981315,-79.51377244,M3L
43.69593781,-79.32876583,M4J
43.69287088,-79.47012699,M6M
43.72046766,-79.43243959,M6A
43.70072856,-79.44823178,M6B
43.74631847,-79.58813937,M9V
43.65757081,-79.43855992,M6H
43.75296967,-79.25806375,M1P
43.68094519,-79.33485192,M4J
43.73097967,-79.59944377,M9V
43.69390738,-79.46925698,M6M
43.69048049,-79.55168317,M9R
43.69098199,-79.55004557,M9R
43.69917278,-79.53722246,M9P
43.69917278,-79.53722246,M9P
43.6624776,-79.38636525,M5S
43.72358251,-79.61991069,M9W
43.67486252,-79.5025471,M6N
43.6562872,-79.37956285,M5B
43.7684036,-79.18621381,M1E
43.73097967,-79.59944377,M9V
43.73097967,-79.59944377,M9V
43.67182579,-79.32397282,M4L
43.67182579,-79.32397282,M4L
43.63211611,-79.54469169,M9B
43.77991693,-79.29270279,M1T
43.68094519,-79.33485192,M4J
43.75634467,-79.48919513,M3J
43.68094519,-79.33485192,M4J
43.70323439,-79.34661502,M4H
43.63211611,-79.54469169,M9B
43.65950801,-79.44521042,M6H
43.6086547,-79.535569,M8W
43.66590821,-79.40746684,M5S
43.66204162,-79.44585102,M6H
43.6568225,-79.37563685,M5B
43.78971426,-79.14088966,M1C
43.63870949,-79.44620902,M6R
43.69390738,-79.46925698,M6M
43.76235459,-79.411156,M2N
43.66117016,-79.57656021,M9C
43.68659519,-79.49120768,M6M
43.68055163,-79.39097616,M5R
43.64176558,-79.39757863,M5V
43.76035969,-79.4124785,M2N
43.80050952,-79.29963561,M1T
43.6566319,-79.37652885,M5B
43.64685294,-79.5807755,M9C
43.75083049,-79.56337969,M9L
43.70948681,-79.27115679,M1L
43.75083049,-79.56337969,M9L
43.67652375,-79.34909149,M4K
43.79704806,-79.14915937,M1B
43.68607648,-79.54379878,M9R
43.63677612,-79.47526181,M6S
43.70519731,-79.27722858,M1L
43.67080371,-79.38419105,M4W
43.70395779,-79.41163043,M5N
43.69524737,-79.45229738,M6E
43.6580893,-79.38468974,M5G
43.65516971,-79.44625052,M6R
43.65324896,-79.51521289,M8X
43.66547833,-79.45240112,M6P
43.72712046,-79.57847557,M9W
43.65537219,-79.37386715,M5B
43.6592374,-79.38517395,M7A
43.65017289,-79.38970044,M5V
43.69696657,-79.44437009,M6E
43.68425094,-79.40308575,M4V
43.73997738,-79.22792007,M1M
43.73997738,-79.22792007,M1M
43.70015457,-79.51619245,M9N
43.6561193,-79.39916314,M5T
43.72712046,-79.57847557,M9W
43.79726969,-79.32551218,M1W
43.66353355,-79.3289868,M4L
43.67170774,-79.48707481,M6N
43.71072305,-79.49817064,M6L
43.75894499,-79.19748341,M1E
43.68744919,-79.49340318,M6M
43.6620254,-79.38336205,M4Y
43.74983876,-79.27147933,M1P
43.82194978,-79.2198485,M1X
43.72396115,-79.49411205,M3M
43.66325325,-79.3302047,M4M
43.63185947,-79.42553303,M6K
43.63265417,-79.41983793,M6K
43.77233239,-79.40318298,M2N
43.65313849,-79.38740534,M5G
43.63832699,-79.49432151,M8Y
43.74266809,-79.4167096,M5M
43.72488149,-79.25397972,M1K
43.70151127,-79.4316931,M6C
43.6842274,-79.48399249,M6N
43.64304688,-79.35058676,M5A
43.70328602,-79.39762425,M4S
43.77540249,-79.17528071,M1E
43.6824568,-79.49171679,M6N
43.72087669,-79.24145833,M1M
43.62094188,-79.48275562,M8V
43.75739005,-79.27790712,M1P
43.75739005,-79.27790712,M1P
43.75165849,-79.45673941,M3H
43.77865227,-79.14082614,M1C
43.6609277,-79.35930126,M5A
43.75092589,-79.40381751,M2P
43.65138925,-79.47515232,M6S
43.59697759,-79.5224793,M8V
43.78396322,-79.34287155,M2J
43.68865192,-79.41267234,M5P
43.64735149,-79.41136713,M6J
43.67728143,-79.47692261,M6N
43.79265565,-79.35472494,M2J
43.66653281,-79.40451824,M5S
43.65206579,-79.39656254,M5T
43.75998089,-79.41790479,M2N
43.66669851,-79.38134985,M4Y
43.77211017,-79.25144717,M1H
43.66353355,-79.3289868,M4L
43.75739005,-79.27790712,M1P
43.63833968,-79.43034972,M6K
43.81844208,-79.23985268,M1X
43.64964699,-79.39210494,M5V
43.70210606,-79.49956165,M6M
43.6446629,-79.5233533,M8X
43.64964699,-79.39210494,M5V
43.66864211,-79.38610455,M4Y
43.7787434,-79.41529315,M2N
43.72620945,-79.49942935,M3M
43.66539805,-79.46327773,M6P
43.66539805,-79.46327773,M6P
43.69265057,-79.4408335,M6E
43.64500648,-79.37233975,M5E
43.7597983,-79.22539057,M1G
43.79747231,-79.40673303,M2M
43.67987014,-79.56351929,M9R
43.77327324,-79.28337249,M1P
43.71943975,-79.33198683,M3C
43.64947809,-79.42580642,M6J
43.70287866,-79.47672806,M6M
43.64176558,-79.39757863,M5V
43.70612628,-79.36178061,M4G
43.70612628,-79.36178061,M4G
43.6163974,-79.54627218,M8Z
43.63395898,-79.43032992,M6K
43.6620254,-79.38336205,M4Y
43.76969026,-79.44291668,M2R
43.6620254,-79.38336205,M4Y
43.6620254,-79.38336205,M4Y
43.64931735,-79.48446241,M6S
43.78895108,-79.24735306,M1S
43.64931735,-79.48446241,M6S
43.78927219,-79.19434398,M1C
43.83272697,-79.26790074,L3S
43.83344472,-79.25110267,M1X
43.79899361,-79.3059691,M1W
43.7703531,-79.37125652,M2K
43.7703531,-79.37125652,M2K
43.6496198,-79.43090052,M6J
43.6496198,-79.43090052,M6J
43.6496198,-79.43090052,M6J
43.6496198,-79.43090052,M6J
43.79203639,-79.19554057,M1E
43.72372445,-79.32472894,M3C
43.62233696,-79.51090712,M8Z
43.7582475,-79.36579073,M2L
43.68649774,-79.27278517,M1N
43.60651974,-79.50766696,M8V
43.75818169,-79.23307183,M1H
43.6582392,-79.35691196,M5A
43.75333149,-79.5426989,M9M
43.78593636,-79.27602801,M1S
43.74389129,-79.21562149,M1J
43.63562762,-79.57336139,M9C
43.69446769,-79.41893832,M5P
43.72373698,-79.27533689,M1K
43.6627883,-79.36317286,M5A
43.79325029,-79.24168087,M1S
43.72509486,-79.43596967,M6A
43.75120211,-79.46639061,M3J
43.66094031,-79.43040582,M6H
43.63867078,-79.41396163,M6K
43.70485076,-79.43753858,M6B
43.71211598,-79.41168332,M5N
43.71352864,-79.53409083,M9N
43.67960397,-79.54531999,M9R
43.68802069,-79.46788249,M6M
43.77262859,-79.18502341,M1E
43.74059588,-79.23931416,M1J
43.77727744,-79.28546249,M1T
43.6598557,-79.37851935,M5B
43.76510279,-79.52097411,M3N
43.7548446,-79.36041513,M2L
43.65333121,-79.45280122,M6R
43.64444038,-79.39313084,M5V
43.73330655,-79.45274806,M3K
43.74983876,-79.27147933,M1P
43.76835836,-79.26078195,M1P
43.70485076,-79.43753858,M6B
43.65407279,-79.37995625,M5B
43.66864211,-79.38610455,M4Y
43.63211611,-79.54469169,M9B
43.6563248,-79.38091295,M5B
43.79704806,-79.14915937,M1B
43.73216948,-79.26796221,M1K
43.66643673,-79.34085259,M4M
43.73428941,-79.34605511,M3C
43.76672932,-79.23341655,M1H
43.77683371,-79.35900894,M2J
43.65560358,-79.51066799,M8X
43.66864211,-79.38610455,M4Y
43.64696529,-79.40111063,M5V
43.73406245,-79.44970557,M3H
43.67974331,-79.51900329,M9A
43.75997849,-79.41053431,M2N
43.64815139,-79.37603205,M5E
43.70539159,-79.31282765,M4B
43.80421958,-79.16877541,M1B
43.80421958,-79.16877541,M1B
43.68473782,-79.31716614,M4C
43.664951,-79.37908915,M4Y
43.65154279,-79.40096323,M5T
43.76212339,-79.1947643,M1E
43.70456285,-79.50693665,M9N
43.64918409,-79.38410124,M5H
43.6580454,-79.39301844,M5T
43.67427843,-79.46002252,M6N
43.80421958,-79.16877541,M1B
43.6570673,-79.37453055,M5A
43.6588675,-79.36855016,M5A
43.6605698,-79.38208705,M5B
43.6605698,-79.38208705,M5B
43.68336521,-79.32363123,M4J
43.64458158,-79.37405555,M5E
43.65179209,-79.39298764,M5T
43.68813942,-79.30182185,M4C
43.80341202,-79.3218592,M1W
43.70064586,-79.49797485,M6M
43.65040689,-79.38860554,M5T
43.6566319,-79.37652885,M5B
43.6566319,-79.37652885,M5B
43.82020561,-79.3076655,M1V
43.72242269,-79.39022775,M4N
43.77608199,-79.41297836,M2N
43.76429542,-79.57472584,M9L
43.79451485,-79.38394214,M2K
43.74966907,-79.26447154,M1P
43.72777919,-79.25248672,M1K
43.64317288,-79.37791755,M5J
43.64088553,-79.53954739,M9B
43.75585759,-79.52425741,M3N
43.65531469,-79.39185824,M5T
43.66337965,-79.563175,M9B
43.658388,-79.39139664,M5G
43.71803338,-79.59065759,M9W
43.72830546,-79.49826185,M3M
43.67427843,-79.46002252,M6N
43.78593636,-79.27602801,M1S
43.78593636,-79.27602801,M1S
43.66940901,-79.38246995,M4Y
43.7855565,-79.2062873,M1E
43.75441047,-79.25092176,M1P
43.7855565,-79.2062873,M1E
43.74389129,-79.21562149,M1J
43.78431041,-79.38581039,M2K
43.65316269,-79.37576055,M5C
43.70401345,-79.51244845,M9N
43.75113378,-79.50266603,M3J
43.64960551,-79.4954285,M8X
43.65407279,-79.37995625,M5B
43.8239624,-79.24792818,M1V
43.6629221,-79.37433745,M4Y
43.69452357,-79.438874,M6C
43.64035909,-79.4959595,M8Y
43.79043778,-79.30228279,M1T
43.75440073,-79.29837089,M1R
43.6455275,-79.5237469,M8X
43.6629221,-79.37433745,M4Y
43.64708175,-79.5124285,M8X
43.64708175,-79.5124285,M8X
43.67027742,-79.42378933,M6G
43.76751038,-79.52253251,M3N
43.73213778,-79.50034416,M3M
43.77540732,-79.33383336,M2J
43.72053455,-79.49839295,M3M
43.71777697,-79.40946382,M4R
43.72053455,-79.49839295,M3M
43.77079862,-79.30190217,M1T
43.79899361,-79.3059691,M1W
43.6573981,-79.38135845,M5B
43.74547118,-79.55805019,M9M
43.64591719,-79.37908774,M5J
43.64427508,-79.38479944,M5J
43.80837028,-79.17079831,M1B
43.6569658,-79.40516713,M5T
43.6564915,-79.39745334,M5T
43.67362021,-79.38540015,M4W
43.72373698,-79.27533689,M1K
43.67356803,-79.46245462,M6N
43.60182519,-79.55390085,M8W
43.65148209,-79.39027744,M5T
43.6562584,-79.37830415,M5B
43.6562584,-79.37830415,M5B
43.80837028,-79.17079831,M1B
43.77540732,-79.33383336,M2J
43.70755788,-79.34364152,M4H
43.65977591,-79.42476013,M6H
43.65387641,-79.45183232,M6R
43.69122473,-79.28834606,M1L
43.66657251,-79.41960923,M6G
43.69122473,-79.28834606,M1L
43.78708504,-79.32997146,M2J
43.70262266,-79.51419555,M9N
43.80837028,-79.17079831,M1B
43.70755788,-79.34364152,M4H
43.6582966,-79.37100285,M5A
43.70234786,-79.45211177,M6B
43.6504478,-79.45064322,M6R
43.70462309,-79.40848523,M5N
43.6582966,-79.37100285,M5A
43.64939749,-79.42323603,M6J
43.72182448,-79.39961134,M4N
43.67182579,-79.32397282,M4L
43.67191041,-79.37905065,M4Y
43.68220085,-79.37337288,M4W
43.64745079,-79.39217574,M5V
43.70324226,-79.46446386,M6B
43.79976569,-79.19677807,M1B
43.79178485,-79.34968604,M2J
43.75449948,-79.51813081,M3N
43.76349716,-79.4910423,M3J
43.73669198,-79.24807244,M1J
43.72611775,-79.46518413,M6A
43.80086641,-79.36434279,M2H
43.70485076,-79.43753858,M6B
43.64785099,-79.39588664,M5V
43.708003,-79.39860404,M4P
43.66756221,-79.38566045,M4Y
43.72364135,-79.49957875,M3M
43.64718059,-79.41592213,M6J
43.73541898,-79.40001846,M4N
43.74946679,-79.39803621,M2P
43.74414518,-79.40671389,M2P
43.66999871,-79.38800835,M4W
43.6624204,-79.37670375,M5B
43.73211321,-79.61151278,M9W
43.7366346,-79.3606365,M3B
43.80899386,-79.35785663,M2H
43.78894128,-79.24378637,M1S
43.74414518,-79.40671389,M2P
43.68684309,-79.51313348,M9P
43.74032078,-79.23207017,M1J
43.66313251,-79.42352723,M6G
43.79586069,-79.31930198,M1W
43.71917955,-79.46170912,M6A
43.6547044,-79.41368113,M6J
43.78761246,-79.26835252,M1S
43.75546444,-79.6140738,M9V
43.66456524,-79.45658082,M6P
43.79504675,-79.13762079,M1C
43.69178638,-79.46765069,M6M
43.71341336,-79.55975163,M9W
43.71769365,-79.51003764,M3M
43.7717533,-79.16585022,M1E
43.66649561,-79.37584205,M4Y
43.64088553,-79.53954739,M9B
43.65076299,-79.35975466,M5A
43.74548978,-79.25202535,M1J
43.6552105,-79.41386333,M6G
43.71917955,-79.46170912,M6A
43.74487717,-79.5259801,M3N
43.66238493,-79.45581812,M6P
43.74066528,-79.22467097,M1M
43.74066528,-79.22467097,M1M
43.69505023,-79.26315998,M1N
43.70495989,-79.34976932,M4H
43.705385,-79.40487224,M5P
43.66925251,-79.39788954,M5R
43.6697044,-79.31131003,M4L
43.79191859,-79.23284708,M1B
43.73004697,-79.50858196,M3M
43.69731687,-79.50944896,M9N
43.64009161,-79.49021091,M8Y
43.64746919,-79.41074183,M6J
43.77588192,-79.34374646,M2J
43.69954648,-79.58582653,M9W
43.71822818,-79.28361728,M1L
43.78244506,-79.48569479,M3J
43.78844437,-79.25189184,M1S
43.66238493,-79.45581812,M6P
43.709111,-79.39885854,M4P
43.65388049,-79.40177033,M5T
43.77098809,-79.41330497,M2N
43.76191259,-79.51881141,M3N
43.76191259,-79.51881141,M3N
43.72676815,-79.56183418,M9W
43.78882212,-79.43310244,M2M
43.7258389,-79.38390886,M4N
43.71223315,-79.47883254,M6L
43.77431369,-79.39832448,M2N
43.78844437,-79.25189184,M1S
43.71224345,-79.49764264,M6L
43.6818147,-79.49459899,M6N
43.64270008,-79.39403624,M5V
43.64591719,-79.37908774,M5J
43.64913409,-79.37215795,M5E
43.67729822,-79.44561992,M6E
43.77943374,-79.43253537,M2M
43.64019239,-79.44666672,M6R
43.6563248,-79.38091295,M5B
43.67729822,-79.44561992,M6E
43.64895619,-79.37881264,M5H
43.67729822,-79.44561992,M6E
43.65169079,-79.37895675,M5H
43.75309649,-79.37646392,M2L
43.66548841,-79.35263637,M4M
43.65169079,-79.37895675,M5H
43.63105781,-79.54690479,M9B
43.75154669,-79.39626391,M2P
43.65252941,-79.45143292,M6R
43.76191259,-79.51881141,M3N
43.66728841,-79.37376716,M4X
43.70612556,-79.45818275,M6B
43.67729822,-79.44561992,M6E
43.74945276,-79.27494653,M1P
43.78481784,-79.32460807,M1W
43.74152408,-79.39995698,M2P
43.61868591,-79.53701529,M8Z
43.64492261,-79.5222894,M8X
43.79740408,-79.36592827,M2H
43.72676815,-79.56183418,M9W
43.7797644,-79.41556625,M2N
43.7797644,-79.41556625,M2N
43.79315685,-79.35227755,M2J
43.71341336,-79.55975163,M9W
43.77502892,-79.34335676,M2J
43.69561141,-79.30116885,M4C
43.63765168,-79.39187364,M5V
43.67129042,-79.44023682,M6H
43.72328397,-79.28573248,M1L
43.64492261,-79.5222894,M8X
43.77985714,-79.28673829,M1T
43.69381281,-79.40963714,M5P
43.73745217,-79.56657058,M9V
43.69927797,-79.51983736,M9N
43.69927797,-79.51983736,M9N
43.71304621,-79.38965296,M4P
43.79217588,-79.31386738,M1W
43.81997852,-79.29809581,M1V
43.65156299,-79.36272146,M5A
43.65014829,-79.37617305,M5C
43.7572545,-79.36402453,M2L
43.68555882,-79.32156014,M4C
43.67262852,-79.41674204,M6G
43.64238598,-79.38399524,M5J
43.71556134,-79.56852007,M9W
43.67032451,-79.39828334,M5R
43.72094505,-79.51669674,M3L
43.71314022,-79.38132007,M4P
43.72744882,-79.3592273,M3C
43.7769419,-79.41483835,M2N
43.7769419,-79.41483835,M2N
43.69900352,-79.27696757,M1L
43.77286074,-79.43129528,M2R
43.77286074,-79.43129528,M2R
43.78211964,-79.29346259,M1T
43.78481784,-79.32460807,M1W
43.68200411,-79.42456013,M6C
43.71476091,-79.58522279,M9W
43.7769419,-79.41483835,M2N
43.67170992,-79.40834294,M5R
43.80180723,-79.29427821,M1S
43.80029009,-79.19905467,M1B
43.64927779,-79.35694936,M5A
43.67514022,-79.36874197,M4W
43.67336712,-79.39942024,M5R
43.67133301,-79.37326106,M4X
43.70211274,-79.38520027,M4S
43.70221381,-79.29314086,M4B
43.79465679,-79.23491937,M1B
43.77517699,-79.50966112,M3N
43.67356803,-79.46245462,M6N
43.73787778,-79.24883184,M1J
43.73586468,-79.25205133,M1K
43.77432689,-79.3897677,M2N
43.77842813,-79.32013407,M1T
43.7993286,-79.32391789,M1W
43.75659128,-79.49763302,M3J
43.72112545,-79.49577514,M3M
43.76958619,-79.19722691,M1E
43.67668254,-79.35635668,M4K
43.65544455,-79.52270099,M9A
43.79095178,-79.16994871,M1C
43.66792761,-79.36618366,M4X
43.65373661,-79.44949222,M6R
43.80704626,-79.28878321,M1V
43.74872155,-79.28406251,M1P
43.79558929,-79.23030948,M1B
43.69900352,-79.27696757,M1L
43.69900352,-79.27696757,M1L
43.78533939,-79.19333,M1C
43.68332945,-79.37295248,M4W
43.6926575,-79.35319992,M4K
43.80704626,-79.28878321,M1V
43.72430406,-79.43961636,M6A
43.72430406,-79.43961636,M6A
43.7912239,-79.40618483,M2M
43.76528522,-79.34704016,M3A
43.72789455,-79.47117904,M3K
43.65350369,-79.37188235,M5A
43.6583272,-79.35223177,M4M
43.76528522,-79.34704016,M3A
43.82111988,-79.22625159,M1X
43.72764603,-79.34092102,M3C
43.8239624,-79.24792818,M1V
43.71745394,-79.37160389,M4G
43.64990209,-79.38711994,M5H
43.62749914,-79.49735601,M8Y
43.67976178,-79.34061921,M4J
43.66605971,-79.38503275,M4Y
43.67015371,-79.38279445,M4Y
43.61925281,-79.53446529,M8Z
43.78449324,-79.31522918,M1W
43.78449324,-79.31522918,M1W
43.78489854,-79.31860837,M1W
43.70500171,-79.27806948,M1L
43.63610562,-79.54007869,M9B
43.66681111,-79.38821585,M5S
43.69610672,-79.29163396,M4C
43.7274352,-79.38146477,M4N
43.62723573,-79.49855251,M8Y
43.64927779,-79.35694936,M5A
43.76349716,-79.4910423,M3J
43.65704651,-79.44892262,M6P
43.65316269,-79.37576055,M5C
43.76349716,-79.4910423,M3J
43.680531,-79.32868502,M4J
43.64967849,-79.40132383,M5T
43.78489854,-79.31860837,M1W
43.67289367,-79.33162611,M4L
43.67877792,-79.42628523,M6G
43.72777919,-79.25248672,M1K
43.67703599,-79.32714942,M4J
43.77985714,-79.28673829,M1T
43.77516637,-79.46843785,M3H
43.66681111,-79.38821585,M5S
43.75506474,-79.2913214,M1P
43.65577092,-79.56476288,M9B
43.71184989,-79.39946024,M4P
43.76786375,-79.27113422,M1P
43.63476402,-79.54132789,M9B
43.76926929,-79.41289307,M2N
43.76926929,-79.41289307,M2N
43.78420444,-79.31797917,M1W
43.80665106,-79.27967282,M1V
43.65559831,-79.44299932,M6H
43.67317341,-79.39078685,M5R
43.74247998,-79.22209628,M1J
43.60152953,-79.50889297,M8V
43.75691419,-79.22935134,M1H
43.79057397,-79.26995122,M1S
43.66709411,-79.37466545,M4X
43.75117327,-79.48960803,M3J
43.70506609,-79.31455915,M4B
43.6622351,-79.35222007,M4M
43.74213963,-79.30978147,M1R
43.77588192,-79.34374646,M2J
43.66542896,-79.46723783,M6P
43.75190277,-79.48945673,M3J
43.77124089,-79.38739861,M2K
43.7735091,-79.44529501,M2R
43.65763737,-79.47509993,M6P
43.67669329,-79.32880122,M4J
43.66170782,-79.44747892,M6P
43.67979176,-79.35517969,M4K
43.65514279,-79.37494445,M5B
43.6624204,-79.37670375,M5B
43.67751354,-79.35865938,M4K
43.67751354,-79.35865938,M4K
43.65113405,-79.47626132,M6S
43.66608898,-79.31765012,M4L
43.63596551,-79.55363659,M9B
43.7105842,-79.39388405,M4P
43.71036837,-79.3634814,M4G
43.73092505,-79.45863964,M3K
43.78535445,-79.27865541,M1S
43.78535445,-79.27865541,M1S
43.66922726,-79.3355989,M4M
43.64277218,-79.39376004,M5V
43.74178808,-79.22515078,M1J
43.70949522,-79.38489177,M4P
43.72744998,-79.40281994,M4N
43.71943975,-79.33198683,M3C
43.67182579,-79.32397282,M4L
43.79089352,-79.38965461,M2K
43.66724462,-79.44416362,M6H
43.74343527,-79.58739697,M9V
43.6636958,-79.38010275,M4Y
43.74409674,-79.30053849,M1R
43.67677652,-79.44863082,M6E
43.6566319,-79.37652885,M5B
43.74782465,-79.48582631,M3J
43.73658737,-79.42883573,M5M
43.76005629,-79.39537941,M2P
43.70237796,-79.52376885,M9N
43.66383401,-79.41068193,M5S
43.63211611,-79.54469169,M9B
43.64193029,-79.44734112,M6R
43.69505023,-79.26315998,M1N
43.70991149,-79.29644076,M4B
43.6632017,-79.36752736,M5A
43.67960397,-79.54531999,M9R
43.73916628,-79.26202762,M1K
43.68813942,-79.30182185,M4C
43.72664064,-79.32755233,M3C
43.75847641,-79.57066733,M9L
43.64947809,-79.42580642,M6J
43.72490275,-79.44783173,M6A
43.77345991,-79.34736535,M2J
43.72490275,-79.44783173,M6A
43.73714598,-79.41559596,M5M
43.72490275,-79.44783173,M6A
43.73695287,-79.48449746,M3M
43.6613701,-79.38309225,M5G
43.69872577,-79.55221684,M9R
43.75691419,-79.22935134,M1H
43.72783255,-79.44060736,M6A
43.64931829,-79.39364444,M5V
43.72490275,-79.44783173,M6A
43.6606437,-79.39121294,M7A
43.74352986,-79.28325221,M1P
43.6496198,-79.43090052,M6J
43.70438179,-79.40960313,M5N
43.72664064,-79.32755233,M3C
43.80014542,-79.3081282,M1W
43.67001422,-79.42092533,M6G
43.79178485,-79.34968604,M2J
43.72490275,-79.44783173,M6A
43.75847641,-79.57066733,M9L
43.75381259,-79.41707401,M2N
43.75253599,-79.40803011,M2P
43.64695639,-79.40520133,M6J
43.7202535,-79.23820393,M1M
43.66897259,-79.31765302,M4L
43.80157321,-79.34841219,M2H
43.64465007,-79.5307886,M9A
43.7660866,-79.1911427,M1E
43.69025298,-79.4468272,M6E
43.66763533,-79.34276129,M4K
43.72490275,-79.44783173,M6A
43.78742976,-79.31414898,M1W
43.761847,-79.21582626,M1G
43.72764603,-79.34092102,M3C
43.77774552,-79.32417047,M1T
43.7067408,-79.39831324,M4S
43.75061417,-79.26813493,M1P
43.79474466,-79.35522366,M2H
43.76340347,-79.46447936,M3H
43.64592689,-79.39961313,M5V
43.65350169,-79.37427575,M5C
43.74149433,-79.31422827,M4A
43.6588779,-79.34983557,M4M
43.75125588,-79.24442737,M1J
43.74149433,-79.31422827,M4A
43.6094004,-79.56027249,M9C
43.69837907,-79.51130866,M9N
43.79790176,-79.15277816,M1B
43.6248279,-79.47867822,M8V
43.71012011,-79.24779151,M1N
43.72490275,-79.44783173,M6A
43.76536899,-79.39738101,M2N
43.72101355,-79.57395208,M9W
43.65404159,-79.40041443,M5T
43.81175634,-79.33416292,M1W
43.6138586,-79.5348605,M8W
43.6595846,-79.35013867,M4M
43.65757081,-79.43855992,M6H
43.6561629,-79.37009915,M5A
43.70781065,-79.48823974,M6L
43.71686277,-79.30482896,M4A
43.65576989,-79.38067525,M5B
43.68839935,-79.39263986,M4T
43.6563248,-79.38091295,M5B
43.68839935,-79.39263986,M4T
43.69344358,-79.47132288,M6M
43.71751306,-79.44891131,M6A
43.65327762,-79.52721079,M9A
43.59080849,-79.52249982,M8W
43.64757859,-79.39155914,M5V
43.69571261,-79.31710734,M4C
43.65219671,-79.56686778,M9C
43.66082637,-79.47654493,M6P
43.71750956,-79.43762967,M6A
43.73543401,-79.34724191,M3C
43.64960551,-79.4954285,M8X
43.75652357,-79.59349359,M9V
43.65335289,-79.40154813,M5T
43.65070759,-79.38933004,M5V
43.6605698,-79.38208705,M5B
43.74837996,-79.27238703,M1P
43.72766116,-79.42404541,M5M
43.66819541,-79.40748074,M5R
43.69513887,-79.45278778,M6E
43.74180637,-79.5308367,M9M
43.76884737,-79.46691646,M3H
43.64203828,-79.41195343,M5V
43.66938721,-79.39098695,M5S
43.78035443,-79.32539517,M2J
43.79618611,-79.41605463,M2M
43.6608114,-79.38584825,M5S
43.79618611,-79.41605463,M2M
43.79618611,-79.41605463,M2M
43.79618611,-79.41605463,M2M
43.6656518,-79.38769485,M5S
43.67982702,-79.31263874,M4L
43.66938721,-79.39098695,M5S
43.67015371,-79.38279445,M4Y
43.67758932,-79.39776015,M5R
43.6656518,-79.38769485,M5S
43.75599862,-79.32318897,M3A
43.69780709,-79.41435493,M5P
43.68386042,-79.32117324,M4C
43.6622271,-79.40164704,M5S
43.65208579,-79.39866383,M5T
43.73024706,-79.42655791,M5M
43.66886451,-79.37443166,M4X
43.7082256,-79.39865114,M4P
43.74810931,-79.62863329,M9W
43.75218597,-79.25479865,M1J
43.78171507,-79.14264045,M1C
43.71179722,-79.5910298,M9W
43.81387299,-79.29500061,M1V
43.6436243,-79.45324652,M6R
43.82326718,-79.21865421,M1X
43.64573729,-79.41124503,M6J
43.67695012,-79.38951885,M4W
43.7735091,-79.44529501,M2R
43.69649457,-79.45205138,M6E
43.73354655,-79.61998799,M9W
43.63589428,-79.43830412,M6K
43.64931829,-79.39364444,M5V
43.78536695,-79.27849711,M1S
43.66468742,-79.43739452,M6H
43.72552015,-79.50241005,M3M
43.74841359,-79.40283931,M2P
43.81387299,-79.29500061,M1V
43.60243008,-79.49732055,M8V
43.80704626,-79.28878321,M1V
43.65521641,-79.43706182,M6H
43.7967684,-79.31575389,M1W
43.69978316,-79.45154488,M6B
43.74522616,-79.45128189,M3H
43.65609736,-79.48724282,M6S
43.74894969,-79.56940308,M9L
43.81250618,-79.26100005,M1V
43.69264032,-79.30237625,M4C
43.6631588,-79.36148976,M5A
43.65873836,-79.48599412,M6S
43.67133301,-79.37326106,M4X
43.66846242,-79.43901972,M6H
43.76223977,-79.50057711,M3J
43.70287885,-79.50378935,M9N
43.64290718,-79.38146754,M5J
43.67547242,-79.38952905,M5R
43.65704651,-79.44892262,M6P
43.69354437,-79.4371794,M6C
43.65151591,-79.45106222,M6R
43.66333592,-79.34362598,M4M
43.75633316,-79.47129744,M3J
43.72490275,-79.44783173,M6A
43.70210606,-79.49956165,M6M
43.76212339,-79.1947643,M1E
43.68543432,-79.31799034,M4C
43.69000368,-79.53195318,M9P
43.6648515,-79.39113555,M5S
43.74914558,-79.51562771,M3N
43.70324281,-79.27952568,M1L
43.80639473,-79.33734981,M2H
43.64508579,-79.41643433,M6J
43.66632666,-79.47356272,M6P
43.69701022,-79.28539607,M1L
43.71113311,-79.39118845,M4P
43.76632929,-79.41536447,M2N
43.63765719,-79.44364512,M6K
43.65593756,-79.47439552,M6P
43.62024622,-79.52167142,M8Z
43.61780111,-79.56122749,M9C
43.65066759,-79.39392324,M5T
43.75094238,-79.58577618,M9V
43.64771729,-79.40141083,M5V
43.77720532,-79.42705607,M2N
43.77720532,-79.42705607,M2N
43.71943975,-79.33198683,M3C
43.77199079,-79.40875387,M2N
43.66728841,-79.37376716,M4X
43.75315531,-79.33814515,M3A
43.66250761,-79.42325833,M6G
43.7534887,-79.35748163,M3B
43.73786905,-79.29167439,M1R
43.65835371,-79.44272492,M6H
43.75094238,-79.58577618,M9V
43.73940797,-79.56629438,M9V
43.6569723,-79.39512584,M5T
43.6605698,-79.38208705,M5B
43.6436243,-79.45324652,M6R
43.71956428,-79.28418278,M1L
43.76269586,-79.47645963,M3J
43.67729155,-79.35331359,M4K
43.65130925,-79.47551862,M6P
43.66636151,-79.40534274,M5S
43.76098037,-79.49385301,M3J
43.67422765,-79.55546869,M9B
43.78382529,-79.47014077,M3H
43.68886678,-79.50400088,M6M
43.66550179,-79.51805109,M9A
43.77139062,-79.34857456,M2J
43.74795773,-79.31180577,M1R
43.6632017,-79.36752736,M5A
43.75792569,-79.23857501,M1H
43.75792569,-79.23857501,M1H
43.75792569,-79.23857501,M1H
43.64768039,-79.40415713,M5T
43.64568779,-79.42583102,M6J
43.66133072,-79.33890409,M4M
43.64891019,-79.40597653,M6J
43.7684036,-79.18621381,M1E
43.66236575,-79.3287663,M4L
43.66236575,-79.3287663,M4L
43.66236575,-79.3287663,M4L
43.80383153,-79.35496211,M2H
43.65712311,-79.43428512,M6H
43.64722999,-79.39000154,M5V
43.83344472,-79.25110267,M1X
43.68791332,-79.30296975,M4C
43.81098038,-79.27096053,M1V
43.74158298,-79.23974016,M1J
43.68369602,-79.41589534,M5P
43.6058733,-79.49406584,M8V
43.6609277,-79.35930126,M5A
43.6609277,-79.35930126,M5A
43.6657156,-79.38094145,M4Y
43.7505086,-79.62390211,M9W
43.81098038,-79.27096053,M1V
43.77469349,-79.40131497,M2N
43.6581657,-79.37237645,M5A
43.74817529,-79.2103024,M1J
43.6618755,-79.37935795,M4Y
43.65266589,-79.40478193,M5T
43.75042539,-79.4627736,M3H
43.6104788,-79.49459003,M8V
43.67422765,-79.55546869,M9B
43.67128511,-79.37496166,M4X
43.67189841,-79.39542495,M5R
43.72490275,-79.44783173,M6A
43.69022393,-79.40116605,M4V
43.74681384,-79.29919479,M1R
43.6648515,-79.39113555,M5S
43.67485762,-79.40708384,M5R
43.6657156,-79.38094145,M4Y
43.75333149,-79.5426989,M9M
43.69122473,-79.28834606,M1L
43.65993212,-79.45365902,M6P
43.81098038,-79.27096053,M1V
43.72514055,-79.48161894,M3M
43.61935103,-79.51601273,M8Z
43.68910529,-79.35617881,M4K
43.64361298,-79.39415744,M5V
43.65481079,-79.39423354,M5T
43.72085665,-79.50860954,M3M
43.68947552,-79.31239304,M4C
43.78510102,-79.35996293,M2J
43.61935103,-79.51601273,M8Z
43.70248204,-79.38781297,M4S
43.74837996,-79.27238703,M1P
43.76469414,-79.28586659,M1P
43.6613701,-79.38309225,M5G
43.64289787,-79.5029973,M8Y
43.6580893,-79.38468974,M5G
43.65407279,-79.37995625,M5B
43.69443237,-79.44971289,M6E
43.73576888,-79.25989532,M1K
43.64289787,-79.5029973,M8Y
43.64289787,-79.5029973,M8Y
43.66756221,-79.38566045,M4Y
43.74685115,-79.49105091,M3J
43.67093996,-79.53632539,M9A
43.81098038,-79.27096053,M1V
43.65427852,-79.497482,M6S
43.6570209,-79.38119785,M5B
43.79271894,-79.36310464,M2H
43.73502937,-79.42819832,M5M
43.80176894,-79.27694713,M1S
43.80871973,-79.23135837,M1B
43.73657248,-79.26359742,M1K
43.75506474,-79.2913214,M1P
43.73721,-79.36191139,M3B
43.73500777,-79.41142355,M5M
43.75449948,-79.51813081,M3N
43.70601922,-79.2503804,M1N
43.66018581,-79.43382362,M6H
43.67668254,-79.35635668,M4K
43.71835043,-79.53990353,M9M
43.82249993,-79.27397423,M1V
43.69262027,-79.49854457,M6M
43.75894879,-79.51809281,M3N
43.66379916,-79.48139372,M6S
43.6573088,-79.38436854,M5G
43.66590821,-79.40746684,M5S
43.73502937,-79.42819832,M5M
43.75938595,-79.27868232,M1P
43.6564945,-79.36694026,M5A
43.73330655,-79.45274806,M3K
43.61773501,-79.54085149,M8Z
43.72679626,-79.43667197,M6A
43.76219641,-79.22624091,M1G
43.72079386,-79.43012239,M6A
43.72619944,-79.31831674,M4A
43.66539805,-79.46327773,M6P
43.72079386,-79.43012239,M6A
43.75619981,-79.33926226,M3A
43.7787366,-79.40019798,M2N
43.61820001,-79.49584662,M8Y
43.64668149,-79.40654123,M6J
43.75200949,-79.39765751,M2P
43.6558747,-79.39906504,M5T
43.67123023,-79.29446855,M4E
43.6562584,-79.37830415,M5B
43.70800498,-79.54975091,M9P
43.79057397,-79.26995122,M1S
43.80591035,-79.28268662,M1V
43.70255567,-79.56246284,M9W
43.64088553,-79.53954739,M9B
43.80912196,-79.29249711,M1V
43.64088553,-79.53954739,M9B
43.6542842,-79.40681923,M5T
43.77351451,-79.2306685,M1G
43.74347885,-79.28629871,M1R
43.69244328,-79.49113148,M6M
43.75797416,-79.26745884,M1P
43.75629088,-79.50903782,M3N
43.70064634,-79.58113661,M9W
43.66927702,-79.41801303,M6G
43.68803226,-79.38370578,M4T
43.80279092,-79.3595279,M2H
43.77204909,-79.3916926,M2N
43.7528466,-79.45774061,M3H
43.77588258,-79.13964984,M1C
43.63105781,-79.54690479,M9B
43.80392237,-79.38613256,M2M
43.6584886,-79.35155767,M4M
43.64122309,-79.42666582,M6K
43.6574367,-79.40277413,M5T
43.80060889,-79.21471617,M1B
43.66460424,-79.53620649,M9A
43.77364461,-79.2298902,M1G
43.68791332,-79.30296975,M4C
43.73173938,-79.50911986,M3M
43.6581657,-79.37237645,M5A
43.70211274,-79.38520027,M4S
43.65431182,-79.55738918,M9B
43.77364461,-79.2298902,M1G
43.7022662,-79.29694436,M4B
43.64396149,-79.41999283,M6J
43.82528009,-79.2309373,M1X
43.71142625,-79.48254524,M6L
43.77588192,-79.34374646,M2J
43.64623039,-79.39814193,M5V
43.66288736,-79.46924812,M6P
43.66556056,-79.47887932,M6P
43.67128151,-79.38719205,M4W
43.66556056,-79.47887932,M6P
43.79482351,-79.40268653,M2M
43.7185005,-79.38614266,M4N
43.75624711,-79.56916512,M9L
43.79310897,-79.33141227,M2J
43.67059402,-79.42659423,M6G
43.80491498,-79.16584651,M1B
43.66738661,-79.41991803,M6G
43.79074018,-79.15901773,M1C
43.74364555,-79.60745467,M9V
43.69024142,-79.57707169,M9W
43.79955321,-79.40890493,M2M
43.72372576,-79.57484368,M9W
43.6959835,-79.35039572,M4K
43.6588779,-79.34983557,M4M
43.6576338,-79.40181714,M5T
43.753816,-79.45312972,M3H
43.6563597,-79.36758876,M5A
43.66337668,-79.51850039,M9A
43.64444078,-79.40006913,M5V
43.7659389,-79.1910504,M1E
43.79239726,-79.13651018,M1C
43.60536379,-79.52893335,M8W
43.70538606,-79.47787405,M6M
43.70767749,-79.30265766,M4B
43.64851779,-79.37762595,M5E
43.80704626,-79.28878321,M1V
43.69701022,-79.28539607,M1L
43.77956505,-79.4756076,M3J
43.75303232,-79.61952341,M9W
43.71815028,-79.40759793,M4R
43.66214501,-79.41657043,M6G
43.6594344,-79.36600486,M5A
43.77987543,-79.30008798,M1T
43.71103559,-79.29143067,M1L
43.64623239,-79.37009955,M5E
43.79089352,-79.38965461,M2K
43.7052428,-79.57715589,M9W
43.78536695,-79.27849711,M1S
43.67216011,-79.38755195,M4W
43.80799826,-79.25630465,M1S
43.69314537,-79.45142859,M6E
43.69214214,-79.39605996,M4V
43.68293057,-79.3572131,M4K
43.64419789,-79.43535502,M6K
43.72777919,-79.25248672,M1K
43.74500459,-79.20750069,M1E
43.64646499,-79.40371833,M5V
43.73520047,-79.41492865,M5M
43.66938721,-79.39098695,M5S
43.76211579,-79.4082589,M2N
43.78051184,-79.30039558,M1T
43.68397043,-79.30015785,M4E
43.68332945,-79.37295248,M4W
43.70887743,-79.53419823,M9N
43.76480929,-79.41175299,M2N
43.69204707,-79.50276777,M6M
43.65086139,-79.39733044,M5T
43.71842866,-79.30679486,M4A
43.64757859,-79.39155914,M5V
43.64136208,-79.39317694,M5V
43.72101285,-79.46011031,M6A
43.7797644,-79.41556625,M2N
43.64544808,-79.39515014,M5V
43.76926929,-79.41289307,M2N
43.65281519,-79.37159095,M5A
43.7162059,-79.23474653,M1M
43.7162059,-79.23474653,M1M
43.71543155,-79.50717214,M9N
43.78536695,-79.27849711,M1S
43.75762108,-79.51535841,M3N
43.75797416,-79.26745884,M1P
43.59539975,-79.50558797,M8V
43.6514433,-79.42554102,M6J
43.66938721,-79.39098695,M5S
43.66938721,-79.39098695,M5S
43.68996098,-79.57061558,M9W
43.74701898,-79.56191158,M9M
43.66613831,-79.42602843,M6G
43.73938454,-79.51320989,M3L
43.68864415,-79.39147947,M4T
43.65156186,-79.6030829,M9C
43.6557219,-79.41137753,M6G
43.71979807,-79.30061636,M1L
43.75904872,-79.31019887,M1R
43.76747579,-79.41243928,M2N
43.65316269,-79.37576055,M5C
43.7963979,-79.25092656,M1S
43.65391249,-79.36119586,M5A
43.64646499,-79.40371833,M5V
43.77123848,-79.52248971,M3N
43.63967858,-79.41999893,M6K
43.80963524,-79.33014621,M1W
43.64759779,-79.40198333,M5V
43.66482913,-79.34161309,M4M
43.69568777,-79.45026768,M6E
43.76408215,-79.4882673,M3J
43.76747579,-79.41243928,M2N
43.77123848,-79.52248971,M3N
43.65032283,-79.52142539,M9A
43.65156299,-79.36272146,M5A
43.65026719,-79.39815453,M5T
43.79804789,-79.33361598,M1W
43.71108704,-79.37710978,M4G
43.65977532,-79.44876322,M6P
43.6564478,-79.42618672,M6H
43.69927797,-79.51983736,M9N
43.6573088,-79.38436854,M5G
43.69325072,-79.28724016,M1L
43.66386721,-79.40663164,M5S
43.79804789,-79.33361598,M1W
43.65137819,-79.40698283,M6J
43.64784869,-79.39027484,M5V
43.66938721,-79.39098695,M5S
43.69954866,-79.50287885,M9N
43.63967858,-79.41999893,M6K
43.64136208,-79.39317694,M5V
43.78258801,-79.35783143,M2J
43.67501362,-79.41153054,M5R
43.67901513,-79.39834065,M4V
43.71022757,-79.35488151,M4G
43.79481151,-79.40511613,M2M
43.74501749,-79.21968629,M1J
43.7095885,-79.39898134,M4P
43.72205388,-79.39698054,M4N
43.66217804,-79.46049912,M6P
43.65160119,-79.37106575,M5A
43.65407279,-79.37995625,M5B
43.64990581,-79.45658181,M6R
43.67217384,-79.28481905,M4E
43.66782471,-79.39834904,M5S
43.65407279,-79.37995625,M5B
43.69331613,-79.27897557,M1L
43.65113405,-79.47626132,M6S
43.73543401,-79.34724191,M3C
43.6582966,-79.37100285,M5A
43.72037254,-79.53749334,M9M
43.6584886,-79.35155767,M4M
43.77588192,-79.34374646,M2J
43.77010949,-79.38882151,M2N
43.78530412,-79.34546425,M2J
43.65264751,-79.56322008,M9B
43.63864478,-79.41709773,M6K
43.691853,-79.55840037,M9R
43.65519982,-79.4997532,M6S
43.65631634,-79.46819082,M6P
43.77712411,-79.34788525,M2J
43.73797648,-79.25292694,M1K
43.72328397,-79.28573248,M1L
43.70904185,-79.45363225,M6B
43.75894879,-79.51809281,M3N
43.77956463,-79.30439208,M1T
43.73783288,-79.23771926,M1J
43.76615629,-79.19642521,M1E
43.67840625,-79.35842279,M4K
43.6582966,-79.37100285,M5A
43.70539159,-79.31282765,M4B
43.64544808,-79.39515014,M5V
43.80649379,-79.20295428,M1B
43.66709423,-79.34518248,M4M
43.70436985,-79.49663625,M6M
43.65148209,-79.39027744,M5T
43.64883871,-79.56725217,M9C
43.79385099,-79.2944797,M1T
43.69783767,-79.44023999,M6E
43.76612809,-79.39002502,M2N
43.77364461,-79.2298902,M1G
43.77691102,-79.32806747,M2J
43.73915326,-79.60529727,M9W
43.65047199,-79.39041984,M5T
43.68682628,-79.53343268,M9P
43.73335158,-79.39292226,M4N
43.77619623,-79.29387958,M1T
43.77619623,-79.29387958,M1T
43.64029858,-79.39836063,M5V
43.76035969,-79.4124785,M2N
43.64823518,-79.53429609,M9A
43.78429346,-79.26309831,M1S
43.77443559,-79.38234491,M2K
43.6576338,-79.40181714,M5T
43.81213237,-79.3019325,M1V
43.64091139,-79.43288832,M6K
43.64759779,-79.40198333,M5V
43.65482239,-79.38814214,M5G
43.81745447,-79.31779249,M1W
43.64091139,-79.43288832,M6K
43.6521557,-79.43454712,M6H
43.75216129,-79.38496251,M2L
43.75216129,-79.38496251,M2L
43.65296189,-79.39793504,M5T
43.81027741,-79.21195558,M1B
43.72304055,-79.50631684,M3M
43.70500171,-79.27806948,M1L
43.69325072,-79.28724016,M1L
43.65901768,-79.51466319,M8X
43.61328972,-79.49184403,M8V
43.65258893,-79.55357388,M9B
43.65258893,-79.55357388,M9B
43.65258893,-79.55357388,M9B
43.65258893,-79.55357388,M9B
43.70779065,-79.37213159,M4G
43.64092208,-79.38770384,M5V
43.70881481,-79.24984711,M1N
43.80260391,-79.32201339,M1W
43.59492908,-79.52721161,M8W
43.66513562,-79.44457172,M6H
43.67078763,-79.29658005,M4E
43.76147922,-79.33272486,M3A
43.67422765,-79.55546869,M9B
43.7319691,-79.37214308,M3C
43.75034959,-79.37900711,M2L
43.76288779,-79.41651139,M2N
43.66966191,-79.37575276,M4X
43.76612809,-79.39002502,M2N
43.6557219,-79.41137753,M6G
43.67075591,-79.39304075,M5R
43.66696726,-79.3306748,M4L
43.65609,-79.40266663,M5T
43.64136208,-79.39317694,M5V
43.78396322,-79.34287155,M2J
43.76579027,-79.25318317,M1P
43.6628053,-79.37973375,M4Y
43.75585478,-79.50520822,M3J
43.78544354,-79.32180847,M1W
43.68622284,-79.39331516,M4T
43.62136831,-79.54546099,M8Z
43.6582966,-79.37100285,M5A
43.68247952,-79.42199443,M6C
43.72847708,-79.39039885,M4N
43.64176558,-79.39757863,M5V
43.64225573,-79.48028682,M6S
43.69379036,-79.38353658,M4T
43.79310622,-79.3904459,M2K
43.68539383,-79.31036104,M4C
43.6581657,-79.37237645,M5A
43.72847708,-79.39039885,M4N
43.6108783,-79.5364815,M8W
43.70789121,-79.39280825,M4P
43.6567911,-79.36564246,M5A
43.6575766,-79.34663957,M4M
43.6575766,-79.34663957,M4M
43.65356709,-79.36357386,M5A
43.65631634,-79.46819082,M6P
43.70438179,-79.40960313,M5N
43.65296189,-79.39793504,M5T
43.76823409,-79.38117782,M2K
43.76823409,-79.38117782,M2K
43.6588779,-79.34983557,M4M
43.64628609,-79.40856813,M6J
43.6579503,-79.37900615,M5B
43.76823409,-79.38117782,M2K
43.79720721,-79.29433451,M1T
43.69411758,-79.42961501,M6C
43.69830143,-79.39660846,M4S
43.71352864,-79.53409083,M9N
43.69954866,-79.50287885,M9N
43.67023281,-79.38676075,M4W
43.76823409,-79.38117782,M2K
43.71573755,-79.50470964,M6L
43.76399149,-79.39967571,M2N
43.77582089,-79.39612698,M2N
43.70358869,-79.32843403,M4B
43.66872951,-79.38613905,M4Y
43.743791,-79.35380222,M3B
43.76823409,-79.38117782,M2K
43.67046702,-79.43438733,M6H
43.65418629,-79.37936645,M5B
43.74364555,-79.60745467,M9V
43.70358869,-79.32843403,M4B
43.6607119,-79.37201355,M5A
43.76823409,-79.38117782,M2K
43.76220052,-79.32116787,M3A
43.74473737,-79.59362616,M9V
43.7580183,-79.1902769,M1E
43.6657156,-79.38094145,M4Y
43.64722999,-79.39000154,M5V
43.7816197,-79.40709416,M2N
43.71430247,-79.30598826,M4B
43.6617708,-79.36971486,M5A
43.79071551,-79.42890552,M2M
43.62928263,-79.579817,M9C
43.66616311,-79.35291087,M4M
43.64945799,-79.5020284,M8X
43.72197998,-79.40157284,M4N
43.66276982,-79.44237622,M6H
43.65148209,-79.39027744,M5T
43.80732879,-79.1755405,M1B
43.65088281,-79.56095998,M9B
43.73278018,-79.26459391,M1K
43.71211574,-79.51881934,M9N
43.67075591,-79.39304075,M5R
43.65076299,-79.35975466,M5A
43.70485869,-79.40738023,M4R
43.70059626,-79.51774105,M9N
43.67786822,-79.44304902,M6E
43.73540806,-79.54786118,M9M
43.69578968,-79.55215096,M9R
43.73562198,-79.25321483,M1K
43.65373661,-79.44949222,M6R
43.66329363,-79.45484122,M6P
43.69904249,-79.58809672,M9W
43.65043429,-79.38463814,M5H
43.73129867,-79.58510487,M9V
43.67966401,-79.31936563,M4C
43.6611361,-79.38822904,M5S
43.66569331,-79.30445083,M4L
43.67071483,-79.45324772,M6N
43.64785399,-79.39612444,M5V
43.6620511,-79.35305357,M4M
43.77191077,-79.46765175,M3H
43.65356709,-79.36357386,M5A
43.78332858,-79.17065162,M1C
43.6657156,-79.38094145,M4Y
43.81059494,-79.3198961,M1W
43.64913409,-79.37215795,M5E
43.68104788,-79.34232651,M4J
43.67754172,-79.40048225,M4V
43.6644642,-79.36804336,M4X
43.66922726,-79.3355989,M4M
43.68661109,-79.43442191,M6C
43.73715858,-79.58659557,M9V
43.64099563,-79.47876492,M6S
43.70059626,-79.51774105,M9N
43.73676858,-79.59169367,M9V
43.67288829,-79.31927143,M4L
43.7072605,-79.40330084,M4R
43.64524157,-79.53194339,M9A
43.65039419,-79.36787435,M5A
43.66770532,-79.42932403,M6H
43.72403167,-79.41488162,M5M
43.64931829,-79.39364444,M5V
43.77191077,-79.46765175,M3H
43.78559656,-79.27041791,M1S
43.63870949,-79.44620902,M6R
43.66172881,-79.42685063,M6H
43.74775008,-79.63652515,M9W
43.70755788,-79.34364152,M4H
43.75147977,-79.26504804,M1P
43.69765474,-79.38881327,M4S
43.72097785,-79.50863794,M3M
43.6884434,-79.34845991,M4K
43.70318725,-79.50194645,M6L
43.66924041,-79.37281866,M4X
43.64429608,-79.40082183,M5V
43.70755788,-79.34364152,M4H
43.67120092,-79.43078343,M6H
43.70808798,-79.34141112,M4H
43.6563597,-79.36758876,M5A
43.74060388,-79.40963878,M5M
43.63570097,-79.39833263,M5V
43.80091521,-79.32553119,M1W
43.67160718,-79.32492612,M4L
43.6467432,-79.45168082,M6R
43.63884768,-79.38658384,M5J
43.79465679,-79.23491937,M1B
43.73320457,-79.59721857,M9V
43.74571276,-79.27479202,M1P
43.7622232,-79.37121282,M2L
43.78615059,-79.44515301,M2R
43.76198029,-79.1946673,M1E
43.67018204,-79.28911915,M4E
43.67160718,-79.32492612,M4L
43.74375929,-79.21176279,M1M
43.67037081,-79.37965195,M4Y
43.63884768,-79.38658384,M5J
43.795754,-79.2977196,M1T
43.63570097,-79.39833263,M5V
43.70839285,-79.50024894,M6L
43.6567172,-79.39966474,M5T
43.64507998,-79.38345654,M5J
43.6647392,-79.38544005,M4Y
43.6437044,-79.44802692,M6R
43.6563597,-79.36758876,M5A
43.77594152,-79.30656297,M1T
43.73676858,-79.59169367,M9V
43.6563597,-79.36758876,M5A
43.77594152,-79.30656297,M1T
43.66875561,-79.30579164,M4L
43.79632931,-79.29101581,M1S
43.65986071,-79.43533392,M6H
43.78741166,-79.26931762,M1S
43.65202349,-79.40225363,M5T
43.70856897,-79.3627614,M4G
43.75380349,-79.39063071,M2L
43.69820338,-79.54158166,M9P
43.78741166,-79.26931762,M1S
43.7174643,-79.39088255,M4P
43.72481087,-79.41976241,M5M
43.69505648,-79.4315387,M6C
43.66778161,-79.38677055,M4Y
43.73967728,-79.41347158,M5M
43.69752128,-79.42287881,M5P
43.77033339,-79.39948359,M2N
43.69655611,-79.40740494,M5P
43.647187,-79.44938712,M6R
43.73423898,-79.26684271,M1K
43.75147548,-79.51273202,M3N
43.66690401,-79.40268994,M5S
43.72074879,-79.39321055,M4N
43.67180931,-79.38462305,M4W
43.6919419,-79.41687413,M5P
43.82672651,-79.25186237,M1V
43.70211274,-79.38520027,M4S
43.74808408,-79.56506258,M9L
43.77956463,-79.30439208,M1T
43.68547123,-79.29781865,M4E
43.74684952,-79.32876185,M3A
43.79325029,-79.24168087,M1S
43.70905965,-79.5872435,M9W
43.75739005,-79.27790712,M1P
43.77680325,-79.4744351,M3J
43.66782471,-79.39834904,M5S
43.68053044,-79.28712746,M4E
43.7691526,-79.18284861,M1E
43.6596438,-79.34642258,M4M
43.76553168,-79.46104347,M3H
43.6512011,-79.42016893,M6J
43.6512011,-79.42016893,M6J
43.67697502,-79.45543151,M6E
43.6598557,-79.37851935,M5B
43.67212651,-79.39049725,M5R
43.63476402,-79.54132789,M9B
43.75928779,-79.50790172,M3N
43.63765168,-79.39187364,M5V
43.77680325,-79.4744351,M3J
43.75928779,-79.50790172,M3N
43.71796688,-79.55861844,M9W
43.65066769,-79.36666165,M5A
43.69117767,-79.45199759,M6E
43.66728841,-79.37376716,M4X
43.65039419,-79.36787435,M5A
43.75093719,-79.39827921,M2P
43.70881619,-79.29598806,M1L
43.71526024,-79.57180448,M9W
43.64741969,-79.40538413,M6J
43.65156299,-79.36272146,M5A
43.74317709,-79.21890168,M1J
43.66999871,-79.38800835,M4W
43.67075591,-79.39304075,M5R
43.76573395,-79.49151699,M3J
43.64591719,-79.37908774,M5J
43.67217016,-79.3392939,M4J
43.72037254,-79.53749334,M9M
43.70485076,-79.43753858,M6B
43.74548978,-79.25202535,M1J
43.66898142,-79.44230242,M6H
43.79302517,-79.32362837,M1W
43.77170594,-79.28333039,M1P
43.68206641,-79.42344733,M6G
43.79190298,-79.2997057,M1T
43.70109186,-79.51211115,M9N
43.6564956,-79.37713405,M5B
43.61938781,-79.49814062,M8Y
43.71590641,-79.5897516,M9W
43.81286455,-79.35200663,M2H
43.6589464,-79.39467944,M5T
43.64832309,-79.39840873,M5V
43.64542644,-79.48287252,M6S
43.6562872,-79.37956285,M5B
43.6564956,-79.37713405,M5B
43.69424598,-79.55863886,M9R
43.66709411,-79.37466545,M4X
43.64591719,-79.37908774,M5J
43.63903208,-79.41592023,M6K
43.74388934,-79.61471638,M9W
43.64832309,-79.39840873,M5V
43.6579001,-79.38157315,M5B
43.66938721,-79.39098695,M5S
43.63865208,-79.42884142,M6K
43.68791699,-79.49201418,M6M
43.6557219,-79.41137753,M6G
43.67777462,-79.45576981,M6E
43.78051184,-79.30039558,M1T
43.64988839,-79.38079734,M5H
43.69325072,-79.28724016,M1L
43.66356041,-79.41842443,M6G
43.64594679,-79.40630333,M6J
43.68791699,-79.49201418,M6M
43.76150809,-79.52319691,M3N
43.76173851,-79.34730846,M3A
43.67742562,-79.40809574,M5R
43.67783652,-79.38988765,M4W
43.63865208,-79.42884142,M6K
43.65350369,-79.37188235,M5A
43.72194969,-79.23624404,M1M
43.72172159,-79.39357525,M4N
43.67742562,-79.40809574,M5R
43.72068247,-79.28877378,M1L
43.70915755,-79.48461894,M6L
43.6786239,-79.32790162,M4J
43.72064215,-79.51412794,M3L
43.66898715,-79.48355761,M6N
43.7120734,-79.39441925,M4P
43.68165384,-79.37567347,M4W
43.64419789,-79.43535502,M6K
43.77663627,-79.25424114,M1H
43.7437132,-79.35799961,M3B
43.76212339,-79.1947643,M1E
43.74617695,-79.290904,M1R
43.6576338,-79.40181714,M5T
43.74959926,-79.27495773,M1P
43.78098262,-79.34431155,M2J
43.73564205,-79.52927288,M9M
43.63867078,-79.41396163,M6K
43.67390414,-79.35335928,M4K
43.79310622,-79.3904459,M2K
43.72037254,-79.53749334,M9M
43.61432711,-79.55632619,M9C
43.74617695,-79.290904,M1R
43.71186468,-79.31217435,M4B
43.75206077,-79.26244774,M1P
43.65704651,-79.44892262,M6P
43.76355572,-79.30127927,M1R
43.76100601,-79.22911908,M1H
43.6561629,-79.37009915,M5A
43.6617708,-79.36971486,M5A
43.74637337,-79.26308003,M1K
43.74323814,-79.30463328,M1R
43.75206077,-79.26244774,M1P
43.77340403,-79.42889537,M2N
43.77340403,-79.42889537,M2N
43.64576188,-79.39362874,M5V
43.7715094,-79.36609033,M2K
43.7671114,-79.1899748,M1E
43.65407279,-79.37995625,M5B
43.63433628,-79.41706573,M6K
43.7783944,-79.41728545,M2N
43.63926868,-79.41081443,M6K
43.72125461,-79.61575709,M9W
43.65766173,-79.57142659,M9C
43.76923189,-79.51874191,M3N
43.70612319,-79.32392734,M4B
43.70553504,-79.38252597,M4S
43.61377903,-79.48930803,M8V
43.74123526,-79.5136531,M3L
43.75928779,-79.50790172,M3N
43.72125461,-79.61575709,M9W
43.68336521,-79.32363123,M4J
43.6977429,-79.32949133,M4J
43.65129959,-79.39529754,M5T
43.77138039,-79.18989151,M1E
43.74598232,-79.4817887,M3K
43.75983279,-79.51616201,M3N
43.7676539,-79.18972081,M1E
43.6590982,-79.38208825,M5B
43.76260986,-79.26927483,M1P
43.6658362,-79.38494125,M4Y
43.64145024,-79.53521459,M9B
43.71430138,-79.41189852,M5N
43.71647729,-79.5926514,M9W
43.67404003,-79.46316912,M6N
43.72988317,-79.41867733,M5M
43.72988317,-79.41867733,M5M
43.69990717,-79.54736705,M9P
43.71572045,-79.46761954,M6A
43.64537058,-79.39205204,M5V
43.76137724,-79.29052189,M1P
43.66886451,-79.37443166,M4X
43.7639679,-79.1885994,M1E
43.6588133,-79.41395443,M6G
43.74117732,-79.31926166,M3A
43.61774863,-79.51534563,M8Z
43.8292608,-79.22889361,M1X
43.67909173,-79.38402346,M4W
43.7319691,-79.37214308,M3C
43.69349577,-79.4411988,M6E
43.70211274,-79.38520027,M4S
43.69492702,-79.29736286,M4C
43.64024766,-79.5299158,M8Z
43.69335141,-79.31268135,M4C
43.63433628,-79.41706573,M6K
43.80507713,-79.3131812,M1W
43.7022935,-79.30729255,M4B
43.78135804,-79.28855479,M1T
43.6588675,-79.36855016,M5A
43.70778054,-79.53361683,M9N
43.73298336,-79.42907611,M5M
43.6594344,-79.36600486,M5A
43.7022935,-79.30729255,M4B
43.66652981,-79.36561526,M4X
43.75037717,-79.44713281,M3H
43.67874881,-79.44336542,M6E
43.72254448,-79.54753395,M9W
43.65390089,-79.38544564,M5G
43.66398718,-79.52184649,M9A
43.78041979,-79.44349961,M2R
43.6653982,-79.36065146,M5A
43.6653982,-79.36065146,M5A
43.6545054,-79.40202663,M5T
43.7794615,-79.38968269,M2K
43.80218474,-79.27087163,M1S
43.70727929,-79.31627485,M4B
43.65418629,-79.37936645,M5B
43.68053044,-79.28712746,M4E
43.67437332,-79.39983715,M5R
43.67125091,-79.37642096,M4Y
43.66665951,-79.40380914,M5R
43.70808798,-79.34141112,M4H
43.6506508,-79.34005408,M4M
43.72099806,-79.45500481,M6A
43.66267954,-79.3328026,M4M
43.6306093,-79.48307491,M8Y
43.6306093,-79.48307491,M8Y
43.7857883,-79.41499334,M2M
43.6658735,-79.36862086,M4X
43.71144374,-79.52615264,M9N
43.76797564,-79.44013236,M2R
43.6306093,-79.48307491,M8Y
43.75072678,-79.51602171,M3N
43.74954169,-79.392672,M2P
43.72064215,-79.51412794,M3L
43.67426173,-79.35706788,M4K
43.72064215,-79.51412794,M3L
43.6588136,-79.41526903,M6G
43.70099217,-79.54421955,M9P
43.7857883,-79.41499334,M2M
43.6579001,-79.38157315,M5B
43.66999194,-79.49076231,M6N
43.75085158,-79.5421137,M9M
43.69122473,-79.28834606,M1L
43.81424767,-79.23712998,M1X
43.67358003,-79.46303932,M6N
43.71751306,-79.44891131,M6A
43.71751306,-79.44891131,M6A
43.71751306,-79.44891131,M6A
43.67953808,-79.34178161,M4J
43.66558766,-79.48211942,M6S
43.65431769,-79.37875655,M5B
43.6568225,-79.37563685,M5B
43.66407251,-79.41607073,M6G
43.67916581,-79.44832871,M6E
43.78148107,-79.25268263,M1S
43.6587212,-79.39584254,M5T
43.64832309,-79.39840873,M5V
43.67913913,-79.39041835,M4W
43.77170594,-79.28333039,M1P
43.6306093,-79.48307491,M8Y
43.77663627,-79.25424114,M1H
43.72291407,-79.40843463,M4R
43.79614269,-79.22753048,M1B
43.79244519,-79.44572542,M2R
43.79244519,-79.44572542,M2R
43.78057234,-79.28947519,M1T
43.83344472,-79.25110267,M1X
43.80180723,-79.29427821,M1S
43.79244519,-79.44572542,M2R
43.69300498,-79.54911577,M9R
43.65482919,-79.37644725,M5B
43.66138388,-79.51758199,M9A
43.65077309,-79.38876044,M5T
43.67860511,-79.43976382,M6E
43.61015061,-79.55690959,M9C
43.61015061,-79.55690959,M9C
43.71680166,-79.42920869,M5N
43.69498637,-79.45348148,M6E
43.6568225,-79.37563685,M5B
43.69498677,-79.44180299,M6E
43.65576989,-79.38067525,M5B
43.66581232,-79.34681768,M4M
43.76235459,-79.411156,M2N
43.70059626,-79.51774105,M9N
43.73216948,-79.26796221,M1K
43.67998898,-79.33941281,M4J
43.73825836,-79.43474321,M3H
43.69016089,-79.47505169,M6M
43.71341336,-79.55975163,M9W
43.63320843,-79.5317914,M8Z
43.67771482,-79.43273443,M6G
43.6612248,-79.37221935,M5A
43.81098038,-79.27096053,M1V
43.71074215,-79.48967404,M6L
43.68734234,-79.39806936,M4V
43.76671913,-79.22798576,M1G
43.81098038,-79.27096053,M1V
43.75474869,-79.41752861,M2N
43.71341336,-79.55975163,M9W
43.71341336,-79.55975163,M9W
43.657972,-79.40017524,M5T
43.77226787,-79.25620905,M1P
43.75572561,-79.34715055,M3B
43.65418629,-79.37936645,M5B
43.67998898,-79.33941281,M4J
43.66552751,-79.40931874,M5S
43.64757859,-79.39155914,M5V
43.68810062,-79.31379644,M4C
43.71341336,-79.55975163,M9W
43.71341336,-79.55975163,M9W
43.64333259,-79.41244013,M6J
43.67640486,-79.3477178,M4K
43.66859904,-79.45875842,M6N
43.80387354,-79.29819761,M1V
43.67668254,-79.35635668,M4K
43.66925251,-79.39788954,M5R
43.61432711,-79.55632619,M9C
43.73190247,-79.59603217,M9V
43.67024441,-79.37856755,M4Y
43.65066769,-79.36666165,M5A
43.63296666,-79.49660961,M8Y
43.68218422,-79.41890113,M6G
43.63559238,-79.42607212,M6K
43.76655611,-79.55115333,M9L
43.73190247,-79.59603217,M9V
43.6617708,-79.36971486,M5A
43.65456039,-79.37761275,M5B
43.61612851,-79.55694339,M9C
43.74032078,-79.23207017,M1J
43.77164277,-79.25361646,M1P
43.70194387,-79.57562278,M9W
43.59314347,-79.53936684,M8W
43.65808271,-79.44398562,M6H
43.77958837,-79.13672055,M1C
43.64544808,-79.39515014,M5V
43.64494468,-79.39763053,M5V
43.7676732,-79.54595812,M9L
43.74825258,-79.5415781,M9M
43.66871991,-79.39413274,M5S
43.656385,-79.35697966,M5A
43.72047176,-79.45613501,M6A
43.67046702,-79.43438733,M6H
43.65553719,-79.36018786,M5A
43.64537058,-79.39205204,M5V
43.75011808,-79.51134262,M3N
43.73354655,-79.61998799,M9W
43.68578979,-79.44501251,M6E
43.79653171,-79.39753595,M2M
43.69000368,-79.53195318,M9P
43.65858991,-79.44156662,M6H
43.70502172,-79.2510308,M1N
43.69210449,-79.42661501,M6C
43.65835371,-79.44272492,M6H
43.66846242,-79.43901972,M6H
43.64537058,-79.39205204,M5V
43.65604351,-79.45378082,M6P
43.72800895,-79.47843394,M3K
43.74120836,-79.5185724,M3N
43.6636958,-79.38010275,M4Y
43.64537058,-79.39205204,M5V
43.64473008,-79.39177034,M5V
43.77170594,-79.28333039,M1P
43.67469312,-79.36665167,M4W
43.78844437,-79.25189184,M1S
43.6257811,-79.47710022,M8V
43.77170594,-79.28333039,M1P
43.81213237,-79.3019325,M1V
43.67080371,-79.38419105,M4W
43.70059626,-79.51774105,M9N
43.82863566,-79.27996302,M1V
43.75085158,-79.5421137,M9M
43.70436985,-79.49663625,M6M
43.6563248,-79.38091295,M5B
43.6988309,-79.40977773,M5P
43.71839855,-79.50796224,M3M
43.76260986,-79.26927483,M1P
43.70446068,-79.36112961,M4G
43.71921904,-79.56797367,M9W
43.6613701,-79.38309225,M5G
43.66669231,-79.38530075,M4Y
43.768379,-79.17961781,M1E
43.66315933,-79.33833999,M4M
43.78193096,-79.4781572,M3J
43.65792434,-79.5740449,M9C
43.66834711,-79.38202625,M4Y
43.70820048,-79.41664592,M5N
43.75752641,-79.44969563,M3H
43.67043752,-79.44924582,M6H
43.63589428,-79.43830412,M6K
43.75762108,-79.51535841,M3N
43.6613701,-79.38309225,M5G
43.66997522,-79.44773942,M6H
43.75988539,-79.40648411,M2N
43.72024249,-79.39102335,M4N
43.67020424,-79.45704472,M6N
43.77680325,-79.4744351,M3J
43.66933715,-79.48196971,M6N
43.77204796,-79.5346701,M3N
43.70257066,-79.37162009,M4G
43.66841681,-79.40638374,M5R
43.64913409,-79.37215795,M5E
43.76953652,-79.34731936,M2J
43.75762108,-79.51535841,M3N
43.73053696,-79.42519302,M5M
43.71228277,-79.4244302,M5N
43.6568155,-79.36258476,M5A
43.63485766,-79.4995279,M8Y
43.77663627,-79.25424114,M1H
43.67580132,-79.40257204,M5R
43.66029846,-79.47139902,M6P
43.679588,-79.32331463,M4J
43.69007598,-79.50351168,M6M
43.76212339,-79.1947643,M1E
43.78014918,-79.24383088,M1H
43.68453773,-79.28877046,M4E
43.60235289,-79.53286007,M8W
43.76212339,-79.1947643,M1E
43.65471922,-79.45998111,M6P
43.69875617,-79.43598079,M6C
43.80333029,-79.21195507,M1B
43.71751306,-79.44891131,M6A
43.63524477,-79.39920223,M5V
43.80421958,-79.16877541,M1B
43.77663627,-79.25424114,M1H
43.80845595,-79.3023463,M1V
43.75207239,-79.5423652,M9M
43.79631652,-79.41961863,M2M
43.7702255,-79.18673561,M1E
43.69505023,-79.26315998,M1N
43.75192338,-79.49665503,M3J
43.7893601,-79.41791282,M2M
43.66690401,-79.40268994,M5S
43.67318993,-79.45698472,M6N
43.67751354,-79.35865938,M4K
43.65064388,-79.53614639,M9A
43.65113405,-79.47626132,M6S
43.64147477,-79.5008004,M8Y
43.70500171,-79.27806948,M1L
43.70548365,-79.50988014,M9N
43.65407279,-79.37995625,M5B
43.66962742,-79.30190004,M4L
43.70500171,-79.27806948,M1L
43.68929762,-79.29676386,M4C
43.67217016,-79.3392939,M4J
43.69148014,-79.26475048,M1N
43.73267748,-79.24636064,M1J
43.74688808,-79.54941569,M9M
43.70178916,-79.51241655,M9N
43.70548365,-79.50988014,M9N
43.76883539,-79.37836032,M2K
43.70435231,-79.39784145,M4S
43.77331268,-79.24624439,M1H
43.65316269,-79.37576055,M5C
43.68929762,-79.29676386,M4C
43.65130669,-79.41090323,M6J
43.69700607,-79.46795988,M6M
43.64698557,-79.53478459,M9A
43.66351815,-79.46641822,M6P
43.656385,-79.35697966,M5A
43.71310476,-79.43341399,M6B
43.64418539,-79.5256249,M8X
43.65964531,-79.43642972,M6H
43.61601521,-79.52350453,M8Z
43.67699212,-79.46204321,M6N
43.80852434,-79.33829773,M2H
43.69221719,-79.54876257,M9R
43.68839935,-79.39263986,M4T
43.71434826,-79.45239692,M6A
43.658388,-79.39139664,M5G
43.76457819,-79.39704191,M2N
43.70351816,-79.52634825,M9N
43.65514279,-79.37494445,M5B
43.68839935,-79.39263986,M4T
43.6560307,-79.37946195,M5B
43.76386392,-79.30141957,M1R
43.67487702,-79.38866815,M4W
43.72397176,-79.42371941,M5M
43.71668897,-79.41477002,M5N
43.71275226,-79.43061839,M6B
43.69437973,-79.27364697,M1L
43.72051007,-79.59443979,M9W
43.75141588,-79.52290011,M3N
43.6610478,-79.36500176,M5A
43.6592906,-79.36665366,M5A
43.7833645,-79.37246211,M2J
43.6582966,-79.37100285,M5A
43.71434826,-79.45239692,M6A
43.73604908,-79.25877803,M1K
43.6624453,-79.35134917,M4M
43.79074018,-79.15901773,M1C
43.79074018,-79.15901773,M1C
43.79074018,-79.15901773,M1C
43.6658735,-79.36862086,M4X
43.6579001,-79.38157315,M5B
43.68738578,-79.54975998,M9R
43.65510931,-79.43761722,M6H
43.64880899,-79.36988375,M5A
43.66236575,-79.3287663,M4L
43.82464979,-79.2269527,M1X
43.66841681,-79.40638374,M5R
43.77327324,-79.28337249,M1P
43.70059626,-79.51774105,M9N
43.70059626,-79.51774105,M9N
43.66236575,-79.3287663,M4L
43.74686457,-79.59380737,M9V
43.68756929,-79.49090628,M6M
43.75811226,-79.48105863,M3J
43.64423218,-79.37582885,M5E
43.75982961,-79.22523617,M1G
43.74837996,-79.27238703,M1P
43.69069259,-79.47270119,M6M
43.65418629,-79.37936645,M5B
43.73014695,-79.60487648,M9W
43.7915109,-79.41134322,M2M
43.81542365,-79.21432469,M1B
43.6850778,-79.48565849,M6N
43.66232878,-79.31483862,M7Y
43.66379166,-79.3278749,M4L
43.68175811,-79.32026423,M4C
43.64102589,-79.43450752,M6K
43.63211611,-79.54469169,M9B
43.66236575,-79.3287663,M4L
43.68856118,-79.4413738,M6E
43.76671913,-79.22798576,M1G
43.66950412,-79.43664292,M6H
43.76845185,-79.26879793,M1P
43.67800836,-79.34961,M4K
43.64394298,-79.36896135,M5E
43.64394298,-79.36896135,M5E
43.70869652,-79.38883656,M4P
43.64394298,-79.36896135,M5E
43.64913409,-79.37215795,M5E
43.64549678,-79.39492194,M5V
43.70739071,-79.26828759,M1L
43.81178054,-79.3262014,M1W
43.71669386,-79.44129646,M6A
43.63926868,-79.41081443,M6K
43.71669386,-79.44129646,M6A
43.71669386,-79.44129646,M6A
43.67294095,-79.3424087,M4K
43.73784734,-79.61070217,M9W
43.64895619,-79.37881264,M5H
43.71443855,-79.48069484,M6L
43.66878115,-79.3375619,M4M
43.7095885,-79.39898134,M4P
43.74671969,-79.21682889,M1J
43.69450437,-79.46484588,M6E
43.64918409,-79.38410124,M5H
43.66768411,-79.30107604,M4L
43.6613701,-79.38309225,M5G
43.6613701,-79.38309225,M5G
43.69565771,-79.33919753,M4J
43.6813126,-79.45586091,M6E
43.82722876,-79.29175381,L3R
43.66721149,-79.31260713,M4L
43.64880899,-79.36988375,M5A
43.74994878,-79.55226379,M9L
43.65704651,-79.44892262,M6P
43.66878115,-79.3375619,M4M
43.73209495,-79.45891835,M3K
43.70056028,-79.41766142,M5P
43.66785371,-79.41358173,M6G
43.66715791,-79.40152964,M5S
43.6576103,-79.36199956,M5A
43.72085385,-79.52895424,M9M
43.74954169,-79.392672,M2P
43.69025278,-79.43255351,M6C
43.67636252,-79.40513854,M4V
43.75642879,-79.23521482,M1H
43.75206077,-79.26244774,M1P
43.75206077,-79.26244774,M1P
43.66651951,-79.42755643,M6G
43.72094505,-79.51669674,M3L
43.76269586,-79.47645963,M3J
43.66636151,-79.40534274,M5S
43.72933247,-79.28126429,M1L
43.75206077,-79.26244774,M1P
43.72051007,-79.59443979,M9W
43.64104621,-79.55954898,M9B
43.75722999,-79.51772111,M3N
43.66721682,-79.42784833,M6G
43.69920272,-79.39982545,M5P
43.67100941,-79.39509635,M5R
43.6576103,-79.36199956,M5A
43.6534762,-79.43698662,M6H
43.65039419,-79.36787435,M5A
43.76919057,-79.4974967,M3J
43.65728261,-79.45269972,M6P
43.6485878,-79.43315842,M6K
43.63926868,-79.41081443,M6K
43.68032569,-79.33781621,M4J
43.74389129,-79.21562149,M1J
43.69760037,-79.52256456,M9P
43.77090459,-79.37887592,M2K
43.6645055,-79.37088756,M4X
43.74825258,-79.5415781,M9M
43.68248904,-79.40667795,M4V
43.67807302,-79.5688288,M9R
43.6632017,-79.36752736,M5A
43.74375204,-79.30218758,M1R
43.77526402,-79.32290287,M1T
43.67191041,-79.37905065,M4Y
43.64277218,-79.39376004,M5V
43.80639473,-79.33734981,M2H
43.80639473,-79.33734981,M2H
43.66365405,-79.46379782,M6P
43.7497504,-79.36531462,M3B
43.7497504,-79.36531462,M3B
43.80421958,-79.16877541,M1B
43.76403699,-79.39603361,M2N
43.76403699,-79.39603361,M2N
43.65090405,-79.47721742,M6S
43.64931735,-79.48446241,M6S
43.66721682,-79.42784833,M6G
43.63029841,-79.47693891,M8V
43.7684036,-79.18621381,M1E
43.72567997,-79.40234044,M4N
43.67960397,-79.54531999,M9R
43.71139817,-79.41960681,M5N
43.78903702,-79.3899321,M2K
43.64913409,-79.37215795,M5E
43.69253857,-79.44534509,M6E
43.72061987,-79.41642472,M5N
43.66147641,-79.42804193,M6H
43.66636151,-79.40534274,M5S
43.70548506,-79.44238477,M6B
43.6820421,-79.32978113,M4J
43.80654955,-79.35749282,M2H
43.6816945,-79.33133072,M4J
43.6613701,-79.38309225,M5G
43.7676908,-79.18943921,M1E
43.77327324,-79.28337249,M1P
43.75846623,-79.30002948,M1R
43.65418629,-79.37936645,M5B
43.74983876,-79.27147933,M1P
43.76403699,-79.39603361,M2N
43.73388776,-79.28601959,M1L
43.75107929,-79.4595015,M3H
43.67966401,-79.31936563,M4C
43.68950109,-79.35364911,M4K
43.70462309,-79.40848523,M5N
43.74981939,-79.55980759,M9L
43.64927779,-79.35694936,M5A
43.70979094,-79.52823434,M9N
43.64567074,-79.47862772,M6S
43.64268013,-79.5130467,M8Z
43.67231409,-79.32182182,M4L
43.78881926,-79.12657666,M1C
43.67023281,-79.38676075,M4W
43.7706416,-79.17627131,M1E
43.72068247,-79.28877378,M1L
43.72097785,-79.50863794,M3M
43.6615659,-79.38609285,M5S
43.71878875,-79.46344462,M6A
43.65537219,-79.37386715,M5B
43.72849497,-79.28035769,M1L
43.64304688,-79.35058676,M5A
43.65384823,-79.52615049,M9A
43.78593636,-79.27602801,M1S
43.64160711,-79.55523848,M9B
43.6628053,-79.37973375,M4Y
43.61773501,-79.54085149,M8Z
43.67671107,-79.54581169,M9A
43.77155992,-79.31547837,M1T
43.6582966,-79.37100285,M5A
43.71230539,-79.39953664,M4P
43.69129232,-79.29698566,M4C
43.72364186,-79.30161716,M4A
43.64746919,-79.41074183,M6J
43.65870821,-79.44959992,M6P
43.65870821,-79.44959992,M6P
43.65826906,-79.48812772,M6S
43.68032642,-79.4754635,M6N
43.65728261,-79.45269972,M6P
43.6563597,-79.36758876,M5A
43.66315932,-79.44039652,M6H
43.72364186,-79.30161716,M4A
43.70386579,-79.41206763,M5N
43.72583709,-79.26254001,M1K
43.78551932,-79.36255582,M2J
43.65104809,-79.37869305,M5C
43.79191285,-79.35063644,M2J
43.78704453,-79.34498405,M2J
43.64744889,-79.36790195,M5A
43.65623665,-79.48990141,M6S
43.6624776,-79.38636525,M5S
43.68652422,-79.31313334,M4C
43.79405556,-79.38222764,M2K
43.70600186,-79.47087315,M6M
43.74774968,-79.55347549,M9M
43.8156953,-79.28185972,M1V
43.6657156,-79.38094145,M4Y
43.75044627,-79.49417723,M3J
43.6586559,-79.36949845,M5A
43.73084979,-79.22405296,M1M
43.78708504,-79.32997146,M2J
43.69378978,-79.54639167,M9R
43.74202319,-79.38458128,M2L
43.66418463,-79.45373792,M6P
43.70764215,-79.51685944,M9N
43.63994649,-79.43985422,M6R
43.79478139,-79.23947617,M1B
43.70789121,-79.39280825,M4P
43.66642442,-79.43813932,M6H
43.69162983,-79.28653536,M1L
43.73116355,-79.46446164,M3K
43.64486858,-79.40306583,M5V
43.65915196,-79.48849082,M6S
43.6649204,-79.38456275,M4Y
43.65407279,-79.37995625,M5B
43.79478139,-79.23947617,M1B
43.67620502,-79.45052882,M6E
43.67023142,-79.43559663,M6H
43.70364736,-79.51822865,M9N
43.64594679,-79.40630333,M6J
43.70795198,-79.34134032,M4H
43.79558929,-79.23030948,M1B
43.73604908,-79.25877803,M1K
43.77553224,-79.42981988,M2N
43.77933956,-79.26275211,M1P
43.66518455,-79.46108942,M6P
43.76551157,-79.50134091,M3J
43.65039419,-79.36787435,M5A
43.71934825,-79.48596894,M6L
43.68420906,-79.36888078,M4W
43.69424598,-79.55863886,M9R
43.66938721,-79.39098695,M5S
43.70528102,-79.39324376,M4S
43.70234786,-79.45211177,M6B
43.65208579,-79.39866383,M5T
43.71359863,-79.55494962,M9W
43.72094505,-79.51669674,M3L
43.68322342,-79.41830923,M6C
43.655434,-79.40598273,M5T
43.64832309,-79.39840873,M5V
43.6830722,-79.44030011,M6E
43.7691526,-79.18284861,M1E
43.65537971,-79.45685221,M6P
43.68322342,-79.41830923,M6C
43.77745,-79.37571692,M2K
43.67637242,-79.39725695,M5R
43.81612215,-79.3225402,M1W
43.66970771,-79.38948355,M5R
43.69701022,-79.28539607,M1L
43.74954169,-79.392672,M2P
43.6593548,-79.38078175,M5B
43.77933956,-79.26275211,M1P
43.83489641,-79.22997871,M1X
43.75333149,-79.5426989,M9M
43.71290322,-79.55401372,M9W
43.67015371,-79.38279445,M4Y
43.69859046,-79.44823358,M6E
43.7684617,-79.18874451,M1E
43.6642795,-79.36796946,M5A
43.68093157,-79.346936,M4K
43.73970237,-79.58033607,M9V
43.655434,-79.40598273,M5T
43.6559692,-79.41014773,M6G
43.6560066,-79.39350444,M5T
43.66018581,-79.43382362,M6H
43.6646441,-79.38049345,M4Y
43.75376257,-79.26310554,M1P
43.65986071,-79.43533392,M6H
43.70084086,-79.50323145,M9N
43.65418629,-79.37936645,M5B
43.67015371,-79.38279445,M4Y
43.66489542,-79.44573212,M6H
43.61773501,-79.54085149,M8Z
43.7993286,-79.32391789,M1W
43.77588192,-79.34374646,M2J
43.77588192,-79.34374646,M2J
43.77588192,-79.34374646,M2J
43.64986709,-79.39107574,M5V
43.64986709,-79.39107574,M5V
43.64986709,-79.39107574,M5V
43.660107,-79.36627336,M5A
43.66925251,-79.39788954,M5R
43.66763521,-79.37219496,M4X
43.74828571,-79.33795465,M3A
43.66626083,-79.34483328,M4M
43.6624291,-79.35868536,M5A
43.61773501,-79.54085149,M8Z
43.77256511,-79.2327614,M1H
43.79744149,-79.20481857,M1B
43.77434778,-79.49978381,M7A
43.64486858,-79.40306583,M5V
43.69461787,-79.45509028,M6E
43.6236958,-79.47897162,M8V
43.78328934,-79.28826359,M1T
43.73706398,-79.41810236,M5M
43.69469753,-79.39937115,M4V
43.6563597,-79.36758876,M5A
43.63895588,-79.42735822,M6K
43.6613701,-79.38309225,M5G
43.76132325,-79.27944471,M1P
43.6606598,-79.36047146,M5A
43.76403699,-79.39603361,M2N
43.68684309,-79.51313348,M9P
43.65863447,-79.47557103,M6P
43.70735321,-79.39547075,M4P
43.6562146,-79.38973884,M5T
43.72248127,-79.41020213,M4R
43.6613701,-79.38309225,M5G
43.71842476,-79.42956569,M6B
43.70059626,-79.51774105,M9N
43.6617708,-79.36971486,M5A
43.70907211,-79.39327895,M4P
43.78533939,-79.19333,M1C
43.66590821,-79.40746684,M5S
43.69730737,-79.45871438,M6E
43.70261802,-79.58838772,M9W
43.67425782,-79.40933294,M5R
43.65418629,-79.37936645,M5B
43.71022757,-79.35488151,M4G
43.70059626,-79.51774105,M9N
43.64927779,-79.35694936,M5A
43.71751306,-79.44891131,M6A
43.6562146,-79.38973884,M5T
43.69701022,-79.28539607,M1L
43.73079031,-79.36135479,M3C
43.7020607,-79.40632374,M5P
43.7749221,-79.44149041,M2R
43.65021825,-79.48042022,M6S
43.71434826,-79.45239692,M6A
43.78482529,-79.1954207,M1E
43.64396149,-79.41999283,M6J
43.65304469,-79.37294925,M5C
43.69932503,-79.39680905,M4S
43.65246519,-79.37546935,M5C
43.67235631,-79.37684306,M4W
43.77909533,-79.31146697,M1T
43.75763399,-79.20012811,M1E
43.65086139,-79.39733044,M5T
43.69478187,-79.4376896,M6C
43.81226044,-79.22566098,M1B
43.63897023,-79.53763489,M9B
43.6563876,-79.42214113,M6G
43.64020292,-79.54250219,M6P
43.74363176,-79.60390507,M9V
43.68568423,-79.41158904,M5P
43.65039419,-79.36787435,M5A
43.64020292,-79.54250219,M6P
43.72704496,-79.29157978,M1L
43.75376257,-79.26310554,M1P
43.63833968,-79.43034972,M6K
43.6071973,-79.52073936,M8Z
43.70107873,-79.2498441,M1N
43.70107873,-79.2498441,M1N
43.67023281,-79.38676075,M4W
43.67002905,-79.46650052,M6N
43.69441401,-79.30061795,M4C
43.6604503,-79.36477316,M5A
43.6455924,-79.44319222,M6R
43.6117882,-79.49653553,M8V
43.72213046,-79.30372956,M4A
43.67830672,-79.4810968,M6N
43.73943659,-79.21732478,M1M
43.75876917,-79.25816185,M1P
43.79571529,-79.23989617,M1B
43.71247888,-79.30745395,M4B
43.63690768,-79.43734112,M6K
43.69021829,-79.46761499,M6M
43.68725579,-79.4468057,M6E
43.72481087,-79.41976241,M5M
43.80227729,-79.21195667,M1B
43.73397805,-79.45010507,M3K
43.75938595,-79.27868232,M1P
43.65246519,-79.37546935,M5C
43.80526944,-79.2988293,M1V
43.66052751,-79.34249798,M4M
43.6643246,-79.37492625,M4Y
43.70131383,-79.251256,M1N
43.70059626,-79.51774105,M9N
43.80026746,-79.15073467,M1B
43.73397805,-79.45010507,M3K
43.7459039,-79.6219728,M9W
43.62296489,-79.48120022,M8V
43.81226044,-79.22566098,M1B
43.70637125,-79.48765435,M6L
43.73442811,-79.34260172,M3C
43.78411554,-79.29716279,M1T
43.73245358,-79.40175345,M4N
43.66628191,-79.37833395,M4Y
43.72664064,-79.32755233,M3C
43.66756221,-79.38566045,M4Y
43.7676908,-79.18943921,M1E
43.72396115,-79.49411205,M3M
43.69334542,-79.58850602,M9W
43.73951805,-79.52055189,M3N
43.69325072,-79.28724016,M1L
43.73125742,-79.33518002,M3C
43.68484573,-79.29612025,M4E
43.75500654,-79.60636069,M9V
43.6609474,-79.37354045,M5A
43.82320863,-79.26317644,M1V
43.76399149,-79.39967571,M2N
43.69411758,-79.42961501,M6C
43.80387354,-79.29819761,M1V
43.65159649,-79.35625856,M5A
43.66157625,-79.52689149,M9A
43.63926868,-79.41081443,M6K
43.80459645,-79.26928394,M1S
43.77297279,-79.41382106,M2N
43.80459645,-79.26928394,M1S
43.80459645,-79.26928394,M1S
43.80459645,-79.26928394,M1S
43.80459645,-79.26928394,M1S
43.72855534,-79.31005546,M4A
43.6455924,-79.44319222,M6R
43.66673189,-79.31484142,M4L
43.78382529,-79.47014077,M3H
43.67444107,-79.54079289,M9A
43.72125461,-79.61575709,M9W
43.69499078,-79.3710579,M4G
43.7786973,-79.41528175,M2N
43.72607009,-79.24362013,M1M
43.61974621,-79.53411519,M8Z
43.65159649,-79.35625856,M5A
43.7786973,-79.41528175,M2N
43.71194201,-79.24850751,M1N
43.65299683,-79.52491619,M9A
43.68712309,-79.48985039,M6M
43.63688117,-79.4966635,M8Y
43.77300698,-79.52284061,M3N
43.70471429,-79.32592524,M4B
43.7452226,-79.36416051,M3B
43.69030115,-79.39342047,M4T
43.62729585,-79.49422511,M8Y
43.78649103,-79.35208884,M2J
43.72271265,-79.50754224,M3M
43.72328397,-79.28573248,M1L
43.63536675,-79.5278319,M8Z
43.7800939,-79.41223965,M2N
43.7800939,-79.41223965,M2N
43.71993177,-79.29215937,M1L
43.6814762,-79.33236832,M4J
43.7141904,-79.27114129,M1L
43.69411758,-79.42961501,M6C
43.6562872,-79.37956285,M5B
43.6563597,-79.36758876,M5A
43.6631952,-79.37304255,M4X
43.71590641,-79.5897516,M9W
43.75150302,-79.31301347,M1R
43.71959025,-79.35014911,M3C
